{
    "accuracy": 0.9533394327538883,
    "precision": 0.8531468531468531,
    "recall": 0.8026315789473685,
    "auc": 0.9492980591755691
}